{
	"format_version": "1.8.0",
	"animations": {
		"animation.AnniePants2.plush.idle": {
			"loop": true,
			"animation_length": 3,
			"bones": {
				"Body": {
					"position": {
						"0.0": [0, 6, 0],
						"0.25": [0, 5.8, 0],
						"0.5": [0, 6, 0],
						"0.75": [0, 5.8, 0],
						"1.0": [0, 6, 0],
						"1.25": [0, 5.8, 0],
						"1.5": [0, 6, 0],
						"1.75": [0, 5.8, 0],
						"2.0": [0, 6, 0],
						"2.25": [0, 5.8, 0],
						"2.5": [0, 6, 0],
						"2.75": [0, 5.8, 0],
						"3.0": [0, 6, 0]
					}
				},
				"Head": {
					"rotation": [0, 0, 0]
				},
				"Hairthingy": {
					"rotation": {
						"0.0": [0, 0, 0],
						"0.75": [0, 0, 0],
						"0.875": [0, 0, 7.5],
						"0.9583": [0, 0, 0],
						"1.0417": [0, 0, 10],
						"1.125": [0, 0, 0],
						"2.5": [0, 0, 0]
					}
				},
				"LeftArm": {
					"rotation": {
						"0.0": [-154.53922, -44.4, -160.41903],
						"0.5": [-154.53922, -44.4, -160.41903]
					},
					"position": {
						"0.0": [3, 0.5, 1],
						"0.5": [3, 0.5, 1]
					}
				},
				"LeftLeg": {
					"rotation": {
						"0.0": [87.9, 34.9, 0.43],
						"0.5": [87.9, 34.9, 0.43]
					},
					"position": {
						"0.0": [1.4, 0, 2],
						"0.25": [1.4, 0.2, 2],
						"0.5": [1.4, 0, 2],
						"0.75": [1.4, 0.2, 2],
						"1.0": [1.4, 0, 2],
						"1.25": [1.4, 0.2, 2],
						"1.5": [1.4, 0, 2],
						"1.75": [1.4, 0.2, 2],
						"2.0": [1.4, 0, 2],
						"2.25": [1.4, 0.2, 2],
						"2.5": [1.4, 0, 2],
						"2.75": [1.4, 0.2, 2],
						"3.0": [1.4, 0, 2]
					}
				},
				"RightArm": {
					"rotation": {
						"0.0": [-46.163, 46.85668, -93.88863],
						"0.5": [-46.163, 46.85668, -93.88863]
					},
					"position": {
						"0.0": [-3, 0.5, 1],
						"0.5": [-3, 0.5, 1]
					}
				},
				"RightLeg": {
					"rotation": {
						"0.0": [87.9, -34.9, 0.43],
						"0.5": [87.9, -34.9, 0.43]
					},
					"position": {
						"0.0": [-1.4, 0, 2],
						"0.25": [-1.4, 0.2, 2],
						"0.5": [-1.4, 0, 2],
						"0.75": [-1.4, 0.2, 2],
						"1.0": [-1.4, 0, 2],
						"1.25": [-1.4, 0.2, 2],
						"1.5": [-1.4, 0, 2],
						"1.75": [-1.4, 0.2, 2],
						"2.0": [-1.4, 0, 2],
						"2.25": [-1.4, 0.2, 2],
						"2.5": [-1.4, 0, 2],
						"2.75": [-1.4, 0.2, 2],
						"3.0": [-1.4, 0, 2]
					}
				}
			}
		},
		"animation.AnniePants2.plush.idle2": {
			"loop": true,
			"animation_length": 3,
			"bones": {
				"Body": {
					"position": {
						"0.0": [0, 6, 0],
						"0.25": [0, 5.8, 0],
						"0.5": [0, 6, 0],
						"0.75": [0, 5.8, 0],
						"1.0": [0, 6, 0],
						"1.25": [0, 5.8, 0],
						"1.5": [0, 6, 0],
						"1.75": [0, 5.8, 0],
						"2.0": [0, 6, 0],
						"2.25": [0, 5.8, 0],
						"2.5": [0, 6, 0],
						"2.75": [0, 5.8, 0],
						"3.0": [0, 6, 0]
					}
				},
				"Head": {
					"rotation": {
						"0.7917": [0, 0, 0],
						"0.9167": [0, 17.5, 0],
						"1.2917": [0, 17.5, 0],
						"1.4167": [0, 0, 0],
						"1.5417": [0, -17.5, 0],
						"1.9167": [0, -17.5, 0],
						"2.0417": [0, 0, 0]
					}
				},
				"Hairthingy": {
					"rotation": {
						"0.0": [0, 0, 0],
						"0.75": [0, 0, 0],
						"0.875": [0, 0, 7.5],
						"0.9583": [0, 0, 0],
						"1.0417": [0, 0, 10],
						"1.125": [0, 0, 0],
						"2.5833": [0, 0, 0]
					}
				},
				"LeftArm": {
					"rotation": {
						"0.0": [-154.53922, -44.4, -160.41903],
						"0.5": [-154.53922, -44.4, -160.41903]
					},
					"position": {
						"0.0": [3, 0.5, 1],
						"0.5": [3, 0.5, 1]
					}
				},
				"LeftLeg": {
					"rotation": {
						"0.0": [87.9, 34.9, 0.43],
						"0.5": [87.9, 34.9, 0.43]
					},
					"position": {
						"0.0": [1.4, 0, 2],
						"0.25": [1.4, 0.2, 2],
						"0.5": [1.4, 0, 2],
						"0.75": [1.4, 0.2, 2],
						"1.0": [1.4, 0, 2],
						"1.25": [1.4, 0.2, 2],
						"1.5": [1.4, 0, 2],
						"1.75": [1.4, 0.2, 2],
						"2.0": [1.4, 0, 2],
						"2.25": [1.4, 0.2, 2],
						"2.5": [1.4, 0, 2],
						"2.75": [1.4, 0.2, 2],
						"3.0": [1.4, 0, 2]
					}
				},
				"RightArm": {
					"rotation": {
						"0.0": [-46.163, 46.85668, -93.88863],
						"0.5": [-46.163, 46.85668, -93.88863]
					},
					"position": {
						"0.0": [-3, 0.5, 1],
						"0.5": [-3, 0.5, 1]
					}
				},
				"RightLeg": {
					"rotation": {
						"0.0": [87.9, -34.9, 0.43],
						"0.5": [87.9, -34.9, 0.43]
					},
					"position": {
						"0.0": [-1.4, 0, 2],
						"0.25": [-1.4, 0.2, 2],
						"0.5": [-1.4, 0, 2],
						"0.75": [-1.4, 0.2, 2],
						"1.0": [-1.4, 0, 2],
						"1.25": [-1.4, 0.2, 2],
						"1.5": [-1.4, 0, 2],
						"1.75": [-1.4, 0.2, 2],
						"2.0": [-1.4, 0, 2],
						"2.25": [-1.4, 0.2, 2],
						"2.5": [-1.4, 0, 2],
						"2.75": [-1.4, 0.2, 2],
						"3.0": [-1.4, 0, 2]
					}
				}
			}
		},
		"animation.AnniePants2.plush.run": {
			"loop": true,
			"animation_length": 3,
			"bones": {
				"Body": {
					"position": {
						"0.0": {
							"vector": [0, 6, 0]
						},
						"0.25": {
							"vector": [0, 5.8, 0]
						},
						"0.5": {
							"vector": [0, 6, 0]
						},
						"0.75": {
							"vector": [0, 5.8, 0]
						},
						"1.0": {
							"vector": [0, 6, 0]
						},
						"1.25": {
							"vector": [0, 5.8, 0]
						},
						"1.5": {
							"vector": [0, 6, 0]
						},
						"1.75": {
							"vector": [0, 5.8, 0]
						},
						"2.0": {
							"vector": [0, 6, 0]
						},
						"2.25": {
							"vector": [0, 5.8, 0]
						},
						"2.5": {
							"vector": [0, 6, 0]
						},
						"2.75": {
							"vector": [0, 5.8, 0]
						},
						"3.0": {
							"vector": [0, 6, 0]
						}
					}
				},
				"Head": {
					"rotation": {
						"0.0": {
							"vector": [0, 0, 0]
						},
						"0.25": {
							"vector": [7.5, 0, 0]
						},
						"0.5": {
							"vector": [0, 0, 0]
						},
						"0.75": {
							"vector": [-7.5, 0, 0]
						},
						"1.0": {
							"vector": [0, 0, 0]
						},
						"1.25": {
							"vector": [7.5, 0, 0]
						},
						"1.5": {
							"vector": [0, 0, 0]
						},
						"1.75": {
							"vector": [-7.5, 0, 0]
						},
						"2.0": {
							"vector": [0, 0, 0]
						},
						"2.25": {
							"vector": [7.5, 0, 0]
						},
						"2.5": {
							"vector": [0, 0, 0]
						},
						"2.75": {
							"vector": [-7.5, 0, 0]
						},
						"3.0": {
							"vector": [0, 0, 0]
						}
					}
				},
				"Hairthingy": {
					"rotation": {
						"0.0": {
							"vector": [0, 0, 0]
						},
						"0.1667": {
							"vector": [0, 0, 7.5]
						},
						"0.3333": {
							"vector": [0, 0, 0]
						},
						"0.5": {
							"vector": [0, 0, 7.5]
						},
						"0.6667": {
							"vector": [0, 0, 0]
						},
						"0.8333": {
							"vector": [0, 0, 7.5]
						},
						"1.0": {
							"vector": [0, 0, 0]
						},
						"1.1667": {
							"vector": [0, 0, 7.5]
						},
						"1.3333": {
							"vector": [0, 0, 0]
						},
						"1.5": {
							"vector": [0, 0, 7.5]
						},
						"1.6667": {
							"vector": [0, 0, 0]
						},
						"1.8333": {
							"vector": [0, 0, 7.5]
						},
						"2.0": {
							"vector": [0, 0, 0]
						},
						"2.1667": {
							"vector": [0, 0, 7.5]
						},
						"2.3333": {
							"vector": [0, 0, 0]
						},
						"2.5": {
							"vector": [0, 0, 7.5]
						},
						"2.6667": {
							"vector": [0, 0, 0]
						},
						"2.8333": {
							"vector": [0, 0, 7.5]
						},
						"3.0": {
							"vector": [0, 0, 0]
						}
					}
				},
				"LeftArm": {
					"rotation": {
						"0.0": {
							"vector": [-154.53922, -44.4, -160.41903]
						},
						"0.25": {
							"vector": [-27.40606, -19.48989, -288.16627]
						},
						"0.5": {
							"vector": [-154.53922, -44.4, -160.41903]
						},
						"0.75": {
							"vector": [-198.17151, -15.34931, -116.16669]
						},
						"1.0": {
							"vector": [-154.53922, -44.4, -160.41903]
						},
						"1.25": {
							"vector": [-27.40606, -19.48989, -288.16627]
						},
						"1.5": {
							"vector": [-154.53922, -44.4, -160.41903]
						},
						"1.75": {
							"vector": [-198.17151, -15.34931, -116.16669]
						},